split,name,status,melody_key,arrangement_key,issue
all,001,OK,D major,D major,
all,002,OK,A major,A major,
all,003,OK,D major,D major,
all,004,OK,G major,G major,
all,005,OK,G major,G major,
all,006,OK,G major,G major,
all,007,OK,F major,F major,
all,008,OK,D major,D major,
all,009,OK,G major,G major,
all,010,OK,D major,D major,
all,011,OK,G major,G major,
all,012,OK,B- major,B- major,
all,013,OK,G major,G major,
all,014,OK,C major,C major,
all,015,OK,G major,G major,
all,016,OK,B- major,B- major,
all,017,OK,F major,F major,
all,018,OK,G major,G major,
all,019,OK,C major,C major,
all,020,OK,B- major,B- major,
all,021,OK,C major,C major,
all,022,OK,G major,G major,
all,023,OK,G major,G major,
all,024,OK,B- major,B- major,
all,025,OK,G major,G major,
all,026,OK,G major,G major,
all,027,OK,G major,G major,
all,028,OK,F major,F major,
all,029,OK,E- major,E- major,
all,030,OK,A major,A major,
all,031,OK,G major,G major,
all,032,OK,C major,C major,
all,033,OK,D major,D major,
all,034,OK,F major,F major,
all,035,OK,B- major,B- major,
all,036,OK,G major,G major,
all,037,OK,E major,E major,
all,038,OK,F major,F major,
all,039,OK,C major,C major,
all,040,OK,B- major,B- major,
all,041,OK,B- major,B- major,
all,042,OK,C major,C major,
all,043,OK,G major,G major,
all,044,OK,F major,F major,
all,045,OK,C major,C major,
all,046,OK,B- major,B- major,
all,047,OK,E- major,E- major,
all,048,OK,F major,F major,
all,049,OK,A major,A major,
all,050,OK,B- major,B- major,
all,051,OK,A- major,A- major,
all,052,OK,F major,F major,
all,053,OK,F major,F major,
all,054,OK,E major,E major,
all,055,OK,A major,A major,
all,056,OK,B- major,B- major,
all,057,OK,C major,C major,
all,058,OK,E- major,E- major,
all,059,OK,D major,D major,
all,060,OK,E major,E major,
all,061,OK,E- major,E- major,
all,062,OK,F# major,F# major,
all,063,OK,C major,C major,
all,064,OK,D major,D major,
all,065,OK,A- major,A- major,
all,066,OK,B- major,B- major,
all,067,OK,C major,C major,
all,068,OK,D major,D major,
all,069,OK,F major,F major,
all,070,OK,E- major,E- major,
all,071,OK,A major,A major,
all,072,OK,E major,E major,
all,073,OK,F# major,F# major,
all,074,OK,G major,G major,
all,075,OK,A- major,A- major,
all,076,OK,A major,A major,
all,077,OK,B- major,B- major,
all,078,OK,C major,C major,
all,079,OK,D major,D major,
all,080,OK,E major,E major,
all,081,OK,C major,C major,
all,082,OK,E major,E major,
all,083,OK,F major,F major,
all,084,OK,G major,G major,
all,085,OK,A major,A major,
all,086,OK,B- major,B- major,
all,087,OK,A- major,A- major,
all,088,OK,A major,A major,
all,089,OK,B- major,B- major,
all,090,OK,F major,F major,
all,091,OK,E- major,E- major,
all,092,OK,C major,C major,
all,093,OK,E- major,E- major,
all,094,OK,F major,F major,
all,095,OK,G major,G major,
all,096,OK,A- major,A- major,
all,097,OK,A major,A major,
all,098,OK,B- major,B- major,
all,099,OK,A- major,A- major,
all,100,OK,A major,A major,
all,101,OK,B- major,B- major,
all,102,OK,C major,C major,
all,103,OK,F major,F major,
all,104,OK,E- major,E- major,
all,105,OK,A- major,A- major,
all,106,OK,G major,G major,
all,107,OK,F major,F major,
all,108,OK,C major,C major,
all,109,OK,D major,D major,
all,110,OK,A major,A major,
all,111,OK,A- major,A- major,
all,112,OK,A major,A major,
all,113,OK,B- major,B- major,
all,114,OK,C major,C major,
all,115,OK,F major,F major,
all,116,OK,E- major,E- major,
all,117,OK,D major,D major,
all,118,OK,E- major,E- major,
all,119,OK,B- major,B- major,
all,120,OK,A major,A major,
all,121,OK,A- major,A- major,
all,122,OK,G major,G major,
all,123,OK,A- major,A- major,
all,124,OK,A major,A major,
all,125,OK,B- major,B- major,
all,126,OK,F major,F major,
all,127,OK,C major,C major,
all,128,OK,D major,D major,
all,129,OK,E- major,E- major,
all,130,OK,A- major,A- major,
all,131,OK,A major,A major,
all,132,OK,G major,G major,
all,133,OK,G major,G major,
all,134,OK,A- major,A- major,
all,135,OK,A major,A major,
all,136,OK,E- major,E- major,
all,137,OK,A- major,A- major,
all,138,OK,A major,A major,
all,139,OK,B- major,B- major,
all,140,OK,F major,F major,
all,141,OK,D major,D major,
all,142,OK,E- major,E- major,
all,143,OK,B- major,B- major,
all,144,OK,A- major,A- major,
all,145,OK,C major,C major,
all,146,OK,D major,D major,
all,147,OK,A- major,A- major,
all,148,OK,A major,A major,
all,149,OK,E- major,E- major,
all,150,OK,D major,D major,
all,151,OK,E- major,E- major,
all,152,OK,B- major,B- major,
all,153,OK,A- major,A- major,
all,154,OK,A major,A major,
all,155,OK,G major,G major,
all,156,OK,F major,F major,
all,157,OK,E- major,E- major,
all,158,OK,A- major,A- major,
all,159,OK,B- major,B- major,
all,160,OK,A major,A major,
all,161,OK,A- major,A- major,
all,162,OK,A major,A major,
all,163,OK,B- major,B- major,
all,164,OK,F major,F major,
all,165,OK,E- major,E- major,
all,166,OK,C major,C major,
all,167,OK,D major,D major,
all,168,OK,E- major,E- major,
all,169,OK,A major,A major,
all,170,OK,A- major,A- major,
all,171,OK,A- major,A- major,
all,172,OK,A major,A major,
all,173,OK,F major,F major,
all,174,OK,E- major,E- major,
all,175,OK,D major,D major,
all,176,OK,F major,F major,
all,177,OK,A- major,A- major,
all,178,OK,A major,A major,
all,179,OK,B- major,B- major,
all,180,OK,C major,C major,
all,181,OK,F major,F major,
all,182,OK,A- major,A- major,
all,183,OK,A major,A major,
all,184,OK,B- major,B- major,
all,185,OK,C major,C major,
all,186,OK,E- major,E- major,
all,187,OK,D major,D major,
all,188,OK,D- major,D- major,
all,189,OK,G major,G major,
all,190,OK,A- major,A- major,
all,191,OK,D major,D major,
all,192,OK,C major,C major,
all,193,OK,B- major,B- major,
all,194,OK,G major,G major,
all,195,OK,A major,A major,
all,196,OK,F# major,F# major,
all,197,OK,G major,G major,
all,198,OK,F major,F major,
all,199,OK,B- major,B- major,
all,200,OK,C major,C major,
all,201,OK,F major,F major,
all,202,OK,E- major,E- major,
all,203,OK,A- major,A- major,
all,204,OK,A major,A major,
all,205,OK,B- major,B- major,
all,206,OK,D major,D major,
all,207,OK,E- major,E- major,
all,208,OK,E major,E major,
all,209,OK,B- major,B- major,
all,210,OK,C major,C major,
all,211,OK,E- major,E- major,
all,212,OK,E major,E major,
all,213,OK,F major,F major,
all,214,OK,F# major,F# major,
