song,status,n_variations,detail
song_001_full,SPLIT_OK,2,var1: такти 1-16
song_001_full,SPLIT_OK,2,var2: такти 17-34
song_002_full,SPLIT_OK,3,var1: такти 1-16
song_002_full,SPLIT_OK,3,var2: такти 17-32
song_002_full,SPLIT_OK,3,var3: такти 33-48
song_003_full,SPLIT_OK,3,var1: такти 1-16
song_003_full,SPLIT_OK,3,var2: такти 17-30
song_003_full,SPLIT_OK,3,var3: такти 31-45
song_004_full,SPLIT_OK,6,var1: такти 1-16
song_004_full,SPLIT_OK,6,var2: такти 17-31
song_004_full,SPLIT_OK,6,var3: такти 32-39
song_004_full,SPLIT_OK,6,var4: такти 40-50
song_004_full,SPLIT_OK,6,var5: такти 51-65
song_004_full,SPLIT_OK,6,var6: такти 66-77
song_005_full,SPLIT_OK,4,var1: такти 1-13
song_005_full,SPLIT_OK,4,var2: такти 14-29
song_005_full,SPLIT_OK,4,var3: такти 30-45
song_005_full,SPLIT_OK,4,var4: такти 46-86
song_006_full,SPLIT_OK,3,var1: такти 1-17
song_006_full,SPLIT_OK,3,var2: такти 18-34
song_006_full,SPLIT_OK,3,var3: такти 35-62
song_007_full,SPLIT_OK,3,var1: такти 5-20
song_007_full,SPLIT_OK,3,var2: такти 21-41
song_007_full,SPLIT_OK,3,var3: такти 42-62
song_008_full,SPLIT_OK,7,var1: такти 1-7
song_008_full,SPLIT_OK,7,var2: такти 8-28
song_008_full,SPLIT_OK,7,var3: такти 29-42
song_008_full,SPLIT_OK,7,var4: такти 43-50
song_008_full,SPLIT_OK,7,var5: такти 51-69
song_008_full,SPLIT_OK,7,var6: такти 70-75
song_008_full,SPLIT_OK,7,var7: такти 76-103
song_009_full,SPLIT_OK,3,var1: такти 1-8
song_009_full,SPLIT_OK,3,var2: такти 9-32
song_009_full,SPLIT_OK,3,var3: такти 33-44
song_010_full,SPLIT_OK,3,var1: такти 1-12
song_010_full,SPLIT_OK,3,var2: такти 13-24
song_010_full,SPLIT_OK,3,var3: такти 25-50
song_011_full,SPLIT_OK,4,var1: такти 1-25
song_011_full,SPLIT_OK,4,var2: такти 26-42
song_011_full,SPLIT_OK,4,var3: такти 47-59
song_011_full,SPLIT_OK,4,var4: такти 60-100
song_012_full,SPLIT_OK,3,var1: такти 1-18
song_012_full,SPLIT_OK,3,var2: такти 19-38
song_012_full,SPLIT_OK,3,var3: такти 39-56
song_013_full,SPLIT_OK,3,var1: такти 1-30
song_013_full,SPLIT_OK,3,var2: такти 31-45
song_013_full,SPLIT_OK,3,var3: такти 46-91
song_014_full,SPLIT_OK,4,var1: такти 1-16
song_014_full,SPLIT_OK,4,var2: такти 17-34
song_014_full,SPLIT_OK,4,var3: такти 35-47
song_014_full,SPLIT_OK,4,var4: такти 48-66
song_015_full,SPLIT_OK,3,var1: такти 1-16
song_015_full,SPLIT_OK,3,var2: такти 17-31
song_015_full,SPLIT_OK,3,var3: такти 32-57
song_016_full,SPLIT_OK,2,var1: такти 4-30
song_016_full,SPLIT_OK,2,var2: такти 34-60
song_017_full,SPLIT_OK,2,var1: такти 5-16
song_017_full,SPLIT_OK,2,var2: такти 17-31
song_018_full,SPLIT_OK,3,var1: такти 4-15
song_018_full,SPLIT_OK,3,var2: такти 16-27
song_018_full,SPLIT_OK,3,var3: такти 28-40
song_019_full,SPLIT_OK,2,var1: такти 5-28
song_019_full,SPLIT_OK,2,var2: такти 29-44
song_020_full,SPLIT_OK,3,var1: такти 1-7
song_020_full,SPLIT_OK,3,var2: такти 8-35
song_020_full,SPLIT_OK,3,var3: такти 36-63
song_021_full,SPLIT_OK,4,var1: такти 1-8
song_021_full,SPLIT_OK,4,var2: такти 9-26
song_021_full,SPLIT_OK,4,var3: такти 27-43
song_021_full,SPLIT_OK,4,var4: такти 44-62
song_022_full,SPLIT_OK,2,var1: такти 1-27
song_022_full,SPLIT_OK,2,var2: такти 28-45
song_023_full,SPLIT_OK,2,var1: такти 5-28
song_023_full,SPLIT_OK,2,var2: такти 29-52
song_024_full,SPLIT_OK,2,var1: такти 1-21
song_024_full,SPLIT_OK,2,var2: такти 22-37
song_025_full,SPLIT_OK,3,var1: такти 1-8
song_025_full,SPLIT_OK,3,var2: такти 9-26
song_025_full,SPLIT_OK,3,var3: такти 27-51
song_026_full,SPLIT_OK,2,var1: такти 1-22
song_026_full,SPLIT_OK,2,var2: такти 23-41
song_027_full,SPLIT_OK,3,var1: такти 1-7
song_027_full,SPLIT_OK,3,var2: такти 8-25
song_027_full,SPLIT_OK,3,var3: такти 26-49
song_028_full,SPLIT_OK,2,var1: такти 1-17
song_028_full,SPLIT_OK,2,var2: такти 18-34
song_029_full,SPLIT_OK,9,var1: такти 1-12
song_029_full,SPLIT_OK,9,var2: такти 13-24
song_029_full,SPLIT_OK,9,var3: такти 25-36
song_029_full,SPLIT_OK,9,var4: такти 37-48
song_029_full,SPLIT_OK,9,var5: такти 49-72
song_029_full,SPLIT_OK,9,var6: такти 77-83
song_029_full,SPLIT_OK,9,var7: такти 84-95
song_029_full,SPLIT_OK,9,var8: такти 96-107
song_029_full,SPLIT_OK,9,var9: такти 108-114
song_030_full,SPLIT_OK,3,var1: такти 1-16
song_030_full,SPLIT_OK,3,var2: такти 21-32
song_030_full,SPLIT_OK,3,var3: такти 33-50
song_031_full,SPLIT_OK,4,var1: такти 1-8
song_031_full,SPLIT_OK,4,var2: такти 9-25
song_031_full,SPLIT_OK,4,var3: такти 26-45
song_031_full,SPLIT_OK,4,var4: такти 46-63
song_032_full,SPLIT_OK,4,var1: такти 1-8
song_032_full,SPLIT_OK,4,var2: такти 9-32
song_032_full,SPLIT_OK,4,var3: такти 33-56
song_032_full,SPLIT_OK,4,var4: такти 57-80
song_033_full,SPLIT_OK,3,var1: такти 1-19
song_033_full,SPLIT_OK,3,var2: такти 20-38
song_033_full,SPLIT_OK,3,var3: такти 39-62
song_034_full,SPLIT_OK,2,var1: такти 1-21
song_034_full,SPLIT_OK,2,var2: такти 22-41
song_035_full,SPLIT_OK,3,var1: такти 1-5
song_035_full,SPLIT_OK,3,var2: такти 6-29
song_035_full,SPLIT_OK,3,var3: такти 30-41
song_036_full,SPLIT_OK,2,var1: такти 1-26
song_036_full,SPLIT_OK,2,var2: такти 27-40
song_037_full,SPLIT_OK,2,var1: такти 1-16
song_037_full,SPLIT_OK,2,var2: такти 17-34
song_038_full,SPLIT_OK,2,var1: такти 1-16
song_038_full,SPLIT_OK,2,var2: такти 17-34
song_039_full,SPLIT_OK,2,var1: такти 1-16
song_039_full,SPLIT_OK,2,var2: такти 17-34
song_040_full,SPLIT_OK,2,var1: такти 1-16
song_040_full,SPLIT_OK,2,var2: такти 17-34
song_041_full,SPLIT_OK,3,var1: такти 1-16
song_041_full,SPLIT_OK,3,var2: такти 17-32
song_041_full,SPLIT_OK,3,var3: такти 33-48
song_042_full,SPLIT_OK,3,var1: такти 1-16
song_042_full,SPLIT_OK,3,var2: такти 17-32
song_042_full,SPLIT_OK,3,var3: такти 33-48
song_043_full,SPLIT_OK,3,var1: такти 1-16
song_043_full,SPLIT_OK,3,var2: такти 17-32
song_043_full,SPLIT_OK,3,var3: такти 33-48
song_044_full,SPLIT_OK,3,var1: такти 1-16
song_044_full,SPLIT_OK,3,var2: такти 17-32
song_044_full,SPLIT_OK,3,var3: такти 33-48
song_045_full,SPLIT_OK,3,var1: такти 1-16
song_045_full,SPLIT_OK,3,var2: такти 17-30
song_045_full,SPLIT_OK,3,var3: такти 31-45
song_046_full,SPLIT_OK,3,var1: такти 1-16
song_046_full,SPLIT_OK,3,var2: такти 17-30
song_046_full,SPLIT_OK,3,var3: такти 31-45
song_047_full,SPLIT_OK,3,var1: такти 1-16
song_047_full,SPLIT_OK,3,var2: такти 17-30
song_047_full,SPLIT_OK,3,var3: такти 31-45
song_048_full,SPLIT_OK,3,var1: такти 1-16
song_048_full,SPLIT_OK,3,var2: такти 17-30
song_048_full,SPLIT_OK,3,var3: такти 31-45
song_049_full,SPLIT_OK,5,var1: такти 1-16
song_049_full,SPLIT_OK,5,var2: такти 17-31
song_049_full,SPLIT_OK,5,var3: такти 32-39
song_049_full,SPLIT_OK,5,var4: такти 40-50
song_049_full,SPLIT_OK,5,var5: такти 51-77
song_050_full,SPLIT_OK,5,var1: такти 1-16
song_050_full,SPLIT_OK,5,var2: такти 17-31
song_050_full,SPLIT_OK,5,var3: такти 32-39
song_050_full,SPLIT_OK,5,var4: такти 40-50
song_050_full,SPLIT_OK,5,var5: такти 51-77
song_051_full,SPLIT_OK,5,var1: такти 1-16
song_051_full,SPLIT_OK,5,var2: такти 17-31
song_051_full,SPLIT_OK,5,var3: такти 32-39
song_051_full,SPLIT_OK,5,var4: такти 40-50
song_051_full,SPLIT_OK,5,var5: такти 51-77
song_052_full,SPLIT_OK,5,var1: такти 1-16
song_052_full,SPLIT_OK,5,var2: такти 17-31
song_052_full,SPLIT_OK,5,var3: такти 32-39
song_052_full,SPLIT_OK,5,var4: такти 40-50
song_052_full,SPLIT_OK,5,var5: такти 51-77
song_053_full,SPLIT_OK,3,var1: такти 1-13
song_053_full,SPLIT_OK,3,var2: такти 14-45
song_053_full,SPLIT_OK,3,var3: такти 46-86
song_054_full,SPLIT_OK,3,var1: такти 1-13
song_054_full,SPLIT_OK,3,var2: такти 14-45
song_054_full,SPLIT_OK,3,var3: такти 46-86
song_055_full,SPLIT_OK,3,var1: такти 1-13
song_055_full,SPLIT_OK,3,var2: такти 14-45
song_055_full,SPLIT_OK,3,var3: такти 46-86
song_056_full,SPLIT_OK,3,var1: такти 1-13
song_056_full,SPLIT_OK,3,var2: такти 14-45
song_056_full,SPLIT_OK,3,var3: такти 46-86
song_057_full,SPLIT_OK,5,var1: такти 1-16
song_057_full,SPLIT_OK,5,var2: такти 17-31
song_057_full,SPLIT_OK,5,var3: такти 32-39
song_057_full,SPLIT_OK,5,var4: такти 40-50
song_057_full,SPLIT_OK,5,var5: такти 51-77
song_058_full,SPLIT_OK,5,var1: такти 1-16
song_058_full,SPLIT_OK,5,var2: такти 17-31
song_058_full,SPLIT_OK,5,var3: такти 32-39
song_058_full,SPLIT_OK,5,var4: такти 40-50
song_058_full,SPLIT_OK,5,var5: такти 51-77
song_059_full,SPLIT_OK,5,var1: такти 1-16
song_059_full,SPLIT_OK,5,var2: такти 17-31
song_059_full,SPLIT_OK,5,var3: такти 32-39
song_059_full,SPLIT_OK,5,var4: такти 40-50
song_059_full,SPLIT_OK,5,var5: такти 51-77
song_060_full,SPLIT_OK,5,var1: такти 1-16
song_060_full,SPLIT_OK,5,var2: такти 17-31
song_060_full,SPLIT_OK,5,var3: такти 32-39
song_060_full,SPLIT_OK,5,var4: такти 40-50
song_060_full,SPLIT_OK,5,var5: такти 51-77
song_061_full,SPLIT_OK,3,var1: такти 1-13
song_061_full,SPLIT_OK,3,var2: такти 14-45
song_061_full,SPLIT_OK,3,var3: такти 46-86
song_062_full,SPLIT_OK,3,var1: такти 1-13
song_062_full,SPLIT_OK,3,var2: такти 14-45
song_062_full,SPLIT_OK,3,var3: такти 46-86
song_063_full,SPLIT_OK,3,var1: такти 1-13
song_063_full,SPLIT_OK,3,var2: такти 14-45
song_063_full,SPLIT_OK,3,var3: такти 46-86
song_064_full,SPLIT_OK,3,var1: такти 1-13
song_064_full,SPLIT_OK,3,var2: такти 14-45
song_064_full,SPLIT_OK,3,var3: такти 46-86
song_065_full,SPLIT_OK,4,var1: такти 1-17
song_065_full,SPLIT_OK,4,var2: такти 18-23
song_065_full,SPLIT_OK,4,var3: такти 24-34
song_065_full,SPLIT_OK,4,var4: такти 35-62
song_066_full,SPLIT_OK,4,var1: такти 1-17
song_066_full,SPLIT_OK,4,var2: такти 18-23
song_066_full,SPLIT_OK,4,var3: такти 24-34
song_066_full,SPLIT_OK,4,var4: такти 35-62
song_067_full,SPLIT_OK,4,var1: такти 1-17
song_067_full,SPLIT_OK,4,var2: такти 18-23
song_067_full,SPLIT_OK,4,var3: такти 24-34
song_067_full,SPLIT_OK,4,var4: такти 35-62
song_068_full,SPLIT_OK,4,var1: такти 1-17
song_068_full,SPLIT_OK,4,var2: такти 18-23
song_068_full,SPLIT_OK,4,var3: такти 24-34
song_068_full,SPLIT_OK,4,var4: такти 35-62
song_069_full,SPLIT_OK,4,var1: такти 1-17
song_069_full,SPLIT_OK,4,var2: такти 18-23
song_069_full,SPLIT_OK,4,var3: такти 24-34
song_069_full,SPLIT_OK,4,var4: такти 35-62
song_070_full,SPLIT_OK,4,var1: такти 1-17
song_070_full,SPLIT_OK,4,var2: такти 18-23
song_070_full,SPLIT_OK,4,var3: такти 24-34
song_070_full,SPLIT_OK,4,var4: такти 35-62
song_071_full,SPLIT_OK,4,var1: такти 1-17
song_071_full,SPLIT_OK,4,var2: такти 18-23
song_071_full,SPLIT_OK,4,var3: такти 24-34
song_071_full,SPLIT_OK,4,var4: такти 35-62
song_072_full,SPLIT_OK,4,var1: такти 1-17
song_072_full,SPLIT_OK,4,var2: такти 18-23
song_072_full,SPLIT_OK,4,var3: такти 24-34
song_072_full,SPLIT_OK,4,var4: такти 35-62
song_073_full,SPLIT_OK,3,var1: такти 5-20
song_073_full,SPLIT_OK,3,var2: такти 21-41
song_073_full,SPLIT_OK,3,var3: такти 42-62
song_074_full,SPLIT_OK,3,var1: такти 5-20
song_074_full,SPLIT_OK,3,var2: такти 21-41
song_074_full,SPLIT_OK,3,var3: такти 42-62
song_075_full,SPLIT_OK,3,var1: такти 5-20
song_075_full,SPLIT_OK,3,var2: такти 21-41
song_075_full,SPLIT_OK,3,var3: такти 42-62
song_076_full,SPLIT_OK,3,var1: такти 5-20
song_076_full,SPLIT_OK,3,var2: такти 21-41
song_076_full,SPLIT_OK,3,var3: такти 42-62
song_077_full,SPLIT_OK,3,var1: такти 5-20
song_077_full,SPLIT_OK,3,var2: такти 21-41
song_077_full,SPLIT_OK,3,var3: такти 42-62
song_078_full,SPLIT_OK,3,var1: такти 5-20
song_078_full,SPLIT_OK,3,var2: такти 21-41
song_078_full,SPLIT_OK,3,var3: такти 42-62
song_079_full,SPLIT_OK,3,var1: такти 5-20
song_079_full,SPLIT_OK,3,var2: такти 21-41
song_079_full,SPLIT_OK,3,var3: такти 42-62
song_080_full,SPLIT_OK,3,var1: такти 5-20
song_080_full,SPLIT_OK,3,var2: такти 21-41
song_080_full,SPLIT_OK,3,var3: такти 42-62
song_081_full,SPLIT_OK,7,var1: такти 1-7
song_081_full,SPLIT_OK,7,var2: такти 8-28
song_081_full,SPLIT_OK,7,var3: такти 29-42
song_081_full,SPLIT_OK,7,var4: такти 43-50
song_081_full,SPLIT_OK,7,var5: такти 51-69
song_081_full,SPLIT_OK,7,var6: такти 70-75
song_081_full,SPLIT_OK,7,var7: такти 76-103
song_082_full,SPLIT_OK,7,var1: такти 1-7
song_082_full,SPLIT_OK,7,var2: такти 8-28
song_082_full,SPLIT_OK,7,var3: такти 29-42
song_082_full,SPLIT_OK,7,var4: такти 43-50
song_082_full,SPLIT_OK,7,var5: такти 51-69
song_082_full,SPLIT_OK,7,var6: такти 70-75
song_082_full,SPLIT_OK,7,var7: такти 76-103
song_083_full,SPLIT_OK,7,var1: такти 1-7
song_083_full,SPLIT_OK,7,var2: такти 8-28
song_083_full,SPLIT_OK,7,var3: такти 29-42
song_083_full,SPLIT_OK,7,var4: такти 43-50
song_083_full,SPLIT_OK,7,var5: такти 51-69
song_083_full,SPLIT_OK,7,var6: такти 70-75
song_083_full,SPLIT_OK,7,var7: такти 76-103
song_084_full,SPLIT_OK,7,var1: такти 1-7
song_084_full,SPLIT_OK,7,var2: такти 8-28
song_084_full,SPLIT_OK,7,var3: такти 29-42
song_084_full,SPLIT_OK,7,var4: такти 43-50
song_084_full,SPLIT_OK,7,var5: такти 51-69
song_084_full,SPLIT_OK,7,var6: такти 70-75
song_084_full,SPLIT_OK,7,var7: такти 76-103
song_085_full,SPLIT_OK,7,var1: такти 1-7
song_085_full,SPLIT_OK,7,var2: такти 8-28
song_085_full,SPLIT_OK,7,var3: такти 29-42
song_085_full,SPLIT_OK,7,var4: такти 43-50
song_085_full,SPLIT_OK,7,var5: такти 51-69
song_085_full,SPLIT_OK,7,var6: такти 70-75
song_085_full,SPLIT_OK,7,var7: такти 76-103
song_086_full,SPLIT_OK,7,var1: такти 1-7
song_086_full,SPLIT_OK,7,var2: такти 8-28
song_086_full,SPLIT_OK,7,var3: такти 29-42
song_086_full,SPLIT_OK,7,var4: такти 43-50
song_086_full,SPLIT_OK,7,var5: такти 51-69
song_086_full,SPLIT_OK,7,var6: такти 70-75
song_086_full,SPLIT_OK,7,var7: такти 76-103
song_087_full,SPLIT_OK,3,var1: такти 1-8
song_087_full,SPLIT_OK,3,var2: такти 9-32
song_087_full,SPLIT_OK,3,var3: такти 33-44
song_088_full,SPLIT_OK,3,var1: такти 1-8
song_088_full,SPLIT_OK,3,var2: такти 9-32
song_088_full,SPLIT_OK,3,var3: такти 33-44
song_089_full,SPLIT_OK,3,var1: такти 1-8
song_089_full,SPLIT_OK,3,var2: такти 9-32
song_089_full,SPLIT_OK,3,var3: такти 33-44
song_090_full,SPLIT_OK,3,var1: такти 1-8
song_090_full,SPLIT_OK,3,var2: такти 9-32
song_090_full,SPLIT_OK,3,var3: такти 33-44
song_091_full,SPLIT_OK,3,var1: такти 1-8
song_091_full,SPLIT_OK,3,var2: такти 9-32
song_091_full,SPLIT_OK,3,var3: такти 33-44
song_092_full,SPLIT_OK,3,var1: такти 1-8
song_092_full,SPLIT_OK,3,var2: такти 9-32
song_092_full,SPLIT_OK,3,var3: такти 33-44
song_093_full,SPLIT_OK,3,var1: такти 1-12
song_093_full,SPLIT_OK,3,var2: такти 13-24
song_093_full,SPLIT_OK,3,var3: такти 25-50
song_094_full,SPLIT_OK,3,var1: такти 1-12
song_094_full,SPLIT_OK,3,var2: такти 13-24
song_094_full,SPLIT_OK,3,var3: такти 25-50
song_095_full,SPLIT_OK,3,var1: такти 1-12
song_095_full,SPLIT_OK,3,var2: такти 13-24
song_095_full,SPLIT_OK,3,var3: такти 25-50
song_096_full,SPLIT_OK,3,var1: такти 1-12
song_096_full,SPLIT_OK,3,var2: такти 13-24
song_096_full,SPLIT_OK,3,var3: такти 25-50
song_097_full,SPLIT_OK,3,var1: такти 1-12
song_097_full,SPLIT_OK,3,var2: такти 13-24
song_097_full,SPLIT_OK,3,var3: такти 25-50
song_098_full,SPLIT_OK,3,var1: такти 1-12
song_098_full,SPLIT_OK,3,var2: такти 13-24
song_098_full,SPLIT_OK,3,var3: такти 25-50
song_099_full,SPLIT_OK,4,var1: такти 1-25
song_099_full,SPLIT_OK,4,var2: такти 26-42
song_099_full,SPLIT_OK,4,var3: такти 47-59
song_099_full,SPLIT_OK,4,var4: такти 60-100
song_100_full,SPLIT_OK,4,var1: такти 1-25
song_100_full,SPLIT_OK,4,var2: такти 26-42
song_100_full,SPLIT_OK,4,var3: такти 47-59
song_100_full,SPLIT_OK,4,var4: такти 60-100
song_101_full,SPLIT_OK,4,var1: такти 1-25
song_101_full,SPLIT_OK,4,var2: такти 26-42
song_101_full,SPLIT_OK,4,var3: такти 47-59
song_101_full,SPLIT_OK,4,var4: такти 60-100
song_102_full,SPLIT_OK,4,var1: такти 1-25
song_102_full,SPLIT_OK,4,var2: такти 26-42
song_102_full,SPLIT_OK,4,var3: такти 47-59
song_102_full,SPLIT_OK,4,var4: такти 60-100
song_103_full,SPLIT_OK,4,var1: такти 1-25
song_103_full,SPLIT_OK,4,var2: такти 26-42
song_103_full,SPLIT_OK,4,var3: такти 47-59
song_103_full,SPLIT_OK,4,var4: такти 60-100
song_104_full,SPLIT_OK,4,var1: такти 1-25
song_104_full,SPLIT_OK,4,var2: такти 26-42
song_104_full,SPLIT_OK,4,var3: такти 47-59
song_104_full,SPLIT_OK,4,var4: такти 60-100
song_105_full,SPLIT_OK,3,var1: такти 1-18
song_105_full,SPLIT_OK,3,var2: такти 19-38
song_105_full,SPLIT_OK,3,var3: такти 39-56
song_106_full,SPLIT_OK,3,var1: такти 1-18
song_106_full,SPLIT_OK,3,var2: такти 19-38
song_106_full,SPLIT_OK,3,var3: такти 39-56
song_107_full,SPLIT_OK,3,var1: такти 1-18
song_107_full,SPLIT_OK,3,var2: такти 19-38
song_107_full,SPLIT_OK,3,var3: такти 39-56
song_108_full,SPLIT_OK,3,var1: такти 1-18
song_108_full,SPLIT_OK,3,var2: такти 19-38
song_108_full,SPLIT_OK,3,var3: такти 39-56
song_109_full,SPLIT_OK,3,var1: такти 1-18
song_109_full,SPLIT_OK,3,var2: такти 19-38
song_109_full,SPLIT_OK,3,var3: такти 39-56
song_110_full,SPLIT_OK,3,var1: такти 1-18
song_110_full,SPLIT_OK,3,var2: такти 19-38
song_110_full,SPLIT_OK,3,var3: такти 39-56
song_111_full,SPLIT_OK,3,var1: такти 1-30
song_111_full,SPLIT_OK,3,var2: такти 31-45
song_111_full,SPLIT_OK,3,var3: такти 46-91
song_112_full,SPLIT_OK,3,var1: такти 1-30
song_112_full,SPLIT_OK,3,var2: такти 31-45
song_112_full,SPLIT_OK,3,var3: такти 46-91
song_113_full,SPLIT_OK,3,var1: такти 1-30
song_113_full,SPLIT_OK,3,var2: такти 31-45
song_113_full,SPLIT_OK,3,var3: такти 46-91
song_114_full,SPLIT_OK,3,var1: такти 1-30
song_114_full,SPLIT_OK,3,var2: такти 31-45
song_114_full,SPLIT_OK,3,var3: такти 46-91
song_115_full,SPLIT_OK,3,var1: такти 1-30
song_115_full,SPLIT_OK,3,var2: такти 31-45
song_115_full,SPLIT_OK,3,var3: такти 46-91
song_116_full,SPLIT_OK,3,var1: такти 1-30
song_116_full,SPLIT_OK,3,var2: такти 31-45
song_116_full,SPLIT_OK,3,var3: такти 46-91
song_117_full,SPLIT_OK,4,var1: такти 1-16
song_117_full,SPLIT_OK,4,var2: такти 17-34
song_117_full,SPLIT_OK,4,var3: такти 35-47
song_117_full,SPLIT_OK,4,var4: такти 48-66
song_118_full,SPLIT_OK,4,var1: такти 1-16
song_118_full,SPLIT_OK,4,var2: такти 17-34
song_118_full,SPLIT_OK,4,var3: такти 35-47
song_118_full,SPLIT_OK,4,var4: такти 48-66
song_119_full,SPLIT_OK,4,var1: такти 1-16
song_119_full,SPLIT_OK,4,var2: такти 17-34
song_119_full,SPLIT_OK,4,var3: такти 35-47
song_119_full,SPLIT_OK,4,var4: такти 48-66
song_120_full,SPLIT_OK,4,var1: такти 1-16
song_120_full,SPLIT_OK,4,var2: такти 17-34
song_120_full,SPLIT_OK,4,var3: такти 35-47
song_120_full,SPLIT_OK,4,var4: такти 48-66
song_121_full,SPLIT_OK,4,var1: такти 1-16
song_121_full,SPLIT_OK,4,var2: такти 17-34
song_121_full,SPLIT_OK,4,var3: такти 35-47
song_121_full,SPLIT_OK,4,var4: такти 48-66
song_122_full,SPLIT_OK,4,var1: такти 1-16
song_122_full,SPLIT_OK,4,var2: такти 17-34
song_122_full,SPLIT_OK,4,var3: такти 35-47
song_122_full,SPLIT_OK,4,var4: такти 48-66
song_123_full,SPLIT_OK,3,var1: такти 1-16
song_123_full,SPLIT_OK,3,var2: такти 17-31
song_123_full,SPLIT_OK,3,var3: такти 32-57
song_124_full,SPLIT_OK,3,var1: такти 1-16
song_124_full,SPLIT_OK,3,var2: такти 17-31
song_124_full,SPLIT_OK,3,var3: такти 32-57
song_125_full,SPLIT_OK,3,var1: такти 1-16
song_125_full,SPLIT_OK,3,var2: такти 17-31
song_125_full,SPLIT_OK,3,var3: такти 32-57
song_126_full,SPLIT_OK,3,var1: такти 1-16
song_126_full,SPLIT_OK,3,var2: такти 17-31
song_126_full,SPLIT_OK,3,var3: такти 32-57
song_127_full,SPLIT_OK,2,var1: такти 4-30
song_127_full,SPLIT_OK,2,var2: такти 34-60
song_128_full,SPLIT_OK,2,var1: такти 4-30
song_128_full,SPLIT_OK,2,var2: такти 34-60
song_129_full,SPLIT_OK,2,var1: такти 4-30
song_129_full,SPLIT_OK,2,var2: такти 34-60
song_130_full,SPLIT_OK,2,var1: такти 4-30
song_130_full,SPLIT_OK,2,var2: такти 34-60
song_131_full,SPLIT_OK,2,var1: такти 4-30
song_131_full,SPLIT_OK,2,var2: такти 34-60
song_132_full,SPLIT_OK,2,var1: такти 4-30
song_132_full,SPLIT_OK,2,var2: такти 34-60
song_133_full,SPLIT_OK,2,var1: такти 5-16
song_133_full,SPLIT_OK,2,var2: такти 17-31
song_134_full,SPLIT_OK,2,var1: такти 5-16
song_134_full,SPLIT_OK,2,var2: такти 17-31
song_135_full,SPLIT_OK,2,var1: такти 5-16
song_135_full,SPLIT_OK,2,var2: такти 17-31
song_136_full,SPLIT_OK,2,var1: такти 5-16
song_136_full,SPLIT_OK,2,var2: такти 17-31
song_137_full,SPLIT_OK,3,var1: такти 4-15
song_137_full,SPLIT_OK,3,var2: такти 16-27
song_137_full,SPLIT_OK,3,var3: такти 28-40
song_138_full,SPLIT_OK,3,var1: такти 4-15
song_138_full,SPLIT_OK,3,var2: такти 16-27
song_138_full,SPLIT_OK,3,var3: такти 28-40
song_139_full,SPLIT_OK,3,var1: такти 4-15
song_139_full,SPLIT_OK,3,var2: такти 16-27
song_139_full,SPLIT_OK,3,var3: такти 28-40
song_140_full,SPLIT_OK,3,var1: такти 4-15
song_140_full,SPLIT_OK,3,var2: такти 16-27
song_140_full,SPLIT_OK,3,var3: такти 28-40
song_141_full,SPLIT_OK,2,var1: такти 5-28
song_141_full,SPLIT_OK,2,var2: такти 29-44
song_142_full,SPLIT_OK,2,var1: такти 5-28
song_142_full,SPLIT_OK,2,var2: такти 29-44
song_143_full,SPLIT_OK,2,var1: такти 5-28
song_143_full,SPLIT_OK,2,var2: такти 29-44
song_144_full,SPLIT_OK,2,var1: такти 5-28
song_144_full,SPLIT_OK,2,var2: такти 29-44
song_145_full,SPLIT_OK,3,var1: такти 1-7
song_145_full,SPLIT_OK,3,var2: такти 8-35
song_145_full,SPLIT_OK,3,var3: такти 36-63
song_146_full,SPLIT_OK,3,var1: такти 1-7
song_146_full,SPLIT_OK,3,var2: такти 8-35
song_146_full,SPLIT_OK,3,var3: такти 36-63
song_147_full,SPLIT_OK,3,var1: такти 1-7
song_147_full,SPLIT_OK,3,var2: такти 8-35
song_147_full,SPLIT_OK,3,var3: такти 36-63
song_148_full,SPLIT_OK,3,var1: такти 1-7
song_148_full,SPLIT_OK,3,var2: такти 8-35
song_148_full,SPLIT_OK,3,var3: такти 36-63
song_149_full,SPLIT_OK,3,var1: такти 1-7
song_149_full,SPLIT_OK,3,var2: такти 8-35
song_149_full,SPLIT_OK,3,var3: такти 36-63
song_150_full,SPLIT_OK,4,var1: такти 1-8
song_150_full,SPLIT_OK,4,var2: такти 9-26
song_150_full,SPLIT_OK,4,var3: такти 27-43
song_150_full,SPLIT_OK,4,var4: такти 44-62
song_151_full,SPLIT_OK,4,var1: такти 1-8
song_151_full,SPLIT_OK,4,var2: такти 9-26
song_151_full,SPLIT_OK,4,var3: такти 27-43
song_151_full,SPLIT_OK,4,var4: такти 44-62
song_152_full,SPLIT_OK,4,var1: такти 1-8
song_152_full,SPLIT_OK,4,var2: такти 9-26
song_152_full,SPLIT_OK,4,var3: такти 27-43
song_152_full,SPLIT_OK,4,var4: такти 44-62
song_153_full,SPLIT_OK,4,var1: такти 1-8
song_153_full,SPLIT_OK,4,var2: такти 9-26
song_153_full,SPLIT_OK,4,var3: такти 27-43
song_153_full,SPLIT_OK,4,var4: такти 44-62
song_154_full,SPLIT_OK,4,var1: такти 1-8
song_154_full,SPLIT_OK,4,var2: такти 9-26
song_154_full,SPLIT_OK,4,var3: такти 27-43
song_154_full,SPLIT_OK,4,var4: такти 44-62
song_155_full,SPLIT_OK,4,var1: такти 1-8
song_155_full,SPLIT_OK,4,var2: такти 9-26
song_155_full,SPLIT_OK,4,var3: такти 27-43
song_155_full,SPLIT_OK,4,var4: такти 44-62
song_156_full,SPLIT_OK,2,var1: такти 1-27
song_156_full,SPLIT_OK,2,var2: такти 28-45
song_157_full,SPLIT_OK,2,var1: такти 1-27
song_157_full,SPLIT_OK,2,var2: такти 28-45
song_158_full,SPLIT_OK,2,var1: такти 1-27
song_158_full,SPLIT_OK,2,var2: такти 28-45
song_159_full,SPLIT_OK,2,var1: такти 1-27
song_159_full,SPLIT_OK,2,var2: такти 28-45
song_160_full,SPLIT_OK,2,var1: такти 1-27
song_160_full,SPLIT_OK,2,var2: такти 28-45
song_161_full,SPLIT_OK,2,var1: такти 5-28
song_161_full,SPLIT_OK,2,var2: такти 29-52
song_162_full,SPLIT_OK,2,var1: такти 5-28
song_162_full,SPLIT_OK,2,var2: такти 29-52
song_163_full,SPLIT_OK,2,var1: такти 5-28
song_163_full,SPLIT_OK,2,var2: такти 29-52
song_164_full,SPLIT_OK,2,var1: такти 5-28
song_164_full,SPLIT_OK,2,var2: такти 29-52
song_165_full,SPLIT_OK,2,var1: такти 5-28
song_165_full,SPLIT_OK,2,var2: такти 29-52
song_166_full,SPLIT_OK,2,var1: такти 1-21
song_166_full,SPLIT_OK,2,var2: такти 22-37
song_167_full,SPLIT_OK,2,var1: такти 1-21
song_167_full,SPLIT_OK,2,var2: такти 22-37
song_168_full,SPLIT_OK,2,var1: такти 1-21
song_168_full,SPLIT_OK,2,var2: такти 22-37
song_169_full,SPLIT_OK,2,var1: такти 1-21
song_169_full,SPLIT_OK,2,var2: такти 22-37
song_170_full,SPLIT_OK,2,var1: такти 1-21
song_170_full,SPLIT_OK,2,var2: такти 22-37
song_171_full,SPLIT_OK,3,var1: такти 1-8
song_171_full,SPLIT_OK,3,var2: такти 9-26
song_171_full,SPLIT_OK,3,var3: такти 27-51
song_172_full,SPLIT_OK,3,var1: такти 1-8
song_172_full,SPLIT_OK,3,var2: такти 9-26
song_172_full,SPLIT_OK,3,var3: такти 27-51
song_173_full,SPLIT_OK,3,var1: такти 1-8
song_173_full,SPLIT_OK,3,var2: такти 9-26
song_173_full,SPLIT_OK,3,var3: такти 27-51
song_174_full,SPLIT_OK,3,var1: такти 1-8
song_174_full,SPLIT_OK,3,var2: такти 9-26
song_174_full,SPLIT_OK,3,var3: такти 27-51
song_175_full,SPLIT_OK,3,var1: такти 1-8
song_175_full,SPLIT_OK,3,var2: такти 9-26
song_175_full,SPLIT_OK,3,var3: такти 27-51
song_176_full,SPLIT_OK,2,var1: такти 1-22
song_176_full,SPLIT_OK,2,var2: такти 23-41
song_177_full,SPLIT_OK,2,var1: такти 1-22
song_177_full,SPLIT_OK,2,var2: такти 23-41
song_178_full,SPLIT_OK,2,var1: такти 1-22
song_178_full,SPLIT_OK,2,var2: такти 23-41
song_179_full,SPLIT_OK,2,var1: такти 1-22
song_179_full,SPLIT_OK,2,var2: такти 23-41
song_180_full,SPLIT_OK,2,var1: такти 1-22
song_180_full,SPLIT_OK,2,var2: такти 23-41
song_181_full,SPLIT_OK,3,var1: такти 1-7
song_181_full,SPLIT_OK,3,var2: такти 8-25
song_181_full,SPLIT_OK,3,var3: такти 26-49
song_182_full,SPLIT_OK,3,var1: такти 1-7
song_182_full,SPLIT_OK,3,var2: такти 8-25
song_182_full,SPLIT_OK,3,var3: такти 26-49
song_183_full,SPLIT_OK,3,var1: такти 1-7
song_183_full,SPLIT_OK,3,var2: такти 8-25
song_183_full,SPLIT_OK,3,var3: такти 26-49
song_184_full,SPLIT_OK,3,var1: такти 1-7
song_184_full,SPLIT_OK,3,var2: такти 8-25
song_184_full,SPLIT_OK,3,var3: такти 26-49
song_185_full,SPLIT_OK,3,var1: такти 1-7
song_185_full,SPLIT_OK,3,var2: такти 8-25
song_185_full,SPLIT_OK,3,var3: такти 26-49
song_186_full,SPLIT_OK,2,var1: такти 1-17
song_186_full,SPLIT_OK,2,var2: такти 18-35
song_187_full,SPLIT_OK,2,var1: такти 1-17
song_187_full,SPLIT_OK,2,var2: такти 18-35
song_188_full,SPLIT_OK,2,var1: такти 1-17
song_188_full,SPLIT_OK,2,var2: такти 18-35
song_189_full,SPLIT_OK,2,var1: такти 1-17
song_189_full,SPLIT_OK,2,var2: такти 18-35
song_190_full,SPLIT_OK,2,var1: такти 1-17
song_190_full,SPLIT_OK,2,var2: такти 18-35
song_191_full,SPLIT_OK,9,var1: такти 1-8
song_191_full,SPLIT_OK,9,var2: такти 13-24
song_191_full,SPLIT_OK,9,var3: такти 25-36
song_191_full,SPLIT_OK,9,var4: такти 37-48
song_191_full,SPLIT_OK,9,var5: такти 49-72
song_191_full,SPLIT_OK,9,var6: такти 77-83
song_191_full,SPLIT_OK,9,var7: такти 84-95
song_191_full,SPLIT_OK,9,var8: такти 96-107
song_191_full,SPLIT_OK,9,var9: такти 108-114
song_192_full,SPLIT_OK,9,var1: такти 1-8
song_192_full,SPLIT_OK,9,var2: такти 13-24
song_192_full,SPLIT_OK,9,var3: такти 25-36
song_192_full,SPLIT_OK,9,var4: такти 37-48
song_192_full,SPLIT_OK,9,var5: такти 49-72
song_192_full,SPLIT_OK,9,var6: такти 77-83
song_192_full,SPLIT_OK,9,var7: такти 84-95
song_192_full,SPLIT_OK,9,var8: такти 96-107
song_192_full,SPLIT_OK,9,var9: такти 108-114
song_193_full,SPLIT_OK,9,var1: такти 1-8
song_193_full,SPLIT_OK,9,var2: такти 13-24
song_193_full,SPLIT_OK,9,var3: такти 25-36
song_193_full,SPLIT_OK,9,var4: такти 37-48
song_193_full,SPLIT_OK,9,var5: такти 49-72
song_193_full,SPLIT_OK,9,var6: такти 77-83
song_193_full,SPLIT_OK,9,var7: такти 84-95
song_193_full,SPLIT_OK,9,var8: такти 96-107
song_193_full,SPLIT_OK,9,var9: такти 108-114
song_194_full,SPLIT_OK,9,var1: такти 1-8
song_194_full,SPLIT_OK,9,var2: такти 13-24
song_194_full,SPLIT_OK,9,var3: такти 25-36
song_194_full,SPLIT_OK,9,var4: такти 37-48
song_194_full,SPLIT_OK,9,var5: такти 49-72
song_194_full,SPLIT_OK,9,var6: такти 77-83
song_194_full,SPLIT_OK,9,var7: такти 84-95
song_194_full,SPLIT_OK,9,var8: такти 96-107
song_194_full,SPLIT_OK,9,var9: такти 108-114
song_195_full,SPLIT_OK,9,var1: такти 1-8
song_195_full,SPLIT_OK,9,var2: такти 13-24
song_195_full,SPLIT_OK,9,var3: такти 25-36
song_195_full,SPLIT_OK,9,var4: такти 37-48
song_195_full,SPLIT_OK,9,var5: такти 49-72
song_195_full,SPLIT_OK,9,var6: такти 77-83
song_195_full,SPLIT_OK,9,var7: такти 84-95
song_195_full,SPLIT_OK,9,var8: такти 96-107
song_195_full,SPLIT_OK,9,var9: такти 108-114
song_196_full,SPLIT_OK,3,var1: такти 1-16
song_196_full,SPLIT_OK,3,var2: такти 21-32
song_196_full,SPLIT_OK,3,var3: такти 33-50
song_197_full,SPLIT_OK,3,var1: такти 1-16
song_197_full,SPLIT_OK,3,var2: такти 21-32
song_197_full,SPLIT_OK,3,var3: такти 33-50
song_198_full,SPLIT_OK,3,var1: такти 1-16
song_198_full,SPLIT_OK,3,var2: такти 21-32
song_198_full,SPLIT_OK,3,var3: такти 33-50
song_199_full,SPLIT_OK,3,var1: такти 1-16
song_199_full,SPLIT_OK,3,var2: такти 21-32
song_199_full,SPLIT_OK,3,var3: такти 33-50
song_200_full,SPLIT_OK,3,var1: такти 1-16
song_200_full,SPLIT_OK,3,var2: такти 21-32
song_200_full,SPLIT_OK,3,var3: такти 33-50
song_201_full,SPLIT_OK,4,var1: такти 1-8
song_201_full,SPLIT_OK,4,var2: такти 9-25
song_201_full,SPLIT_OK,4,var3: такти 26-45
song_201_full,SPLIT_OK,4,var4: такти 46-63
song_202_full,SPLIT_OK,4,var1: такти 1-8
song_202_full,SPLIT_OK,4,var2: такти 9-25
song_202_full,SPLIT_OK,4,var3: такти 26-45
song_202_full,SPLIT_OK,4,var4: такти 46-63
song_203_full,SPLIT_OK,4,var1: такти 1-8
song_203_full,SPLIT_OK,4,var2: такти 9-25
song_203_full,SPLIT_OK,4,var3: такти 26-45
song_203_full,SPLIT_OK,4,var4: такти 46-63
song_204_full,SPLIT_OK,4,var1: такти 1-8
song_204_full,SPLIT_OK,4,var2: такти 9-25
song_204_full,SPLIT_OK,4,var3: такти 26-45
song_204_full,SPLIT_OK,4,var4: такти 46-63
song_205_full,SPLIT_OK,4,var1: такти 1-8
song_205_full,SPLIT_OK,4,var2: такти 9-25
song_205_full,SPLIT_OK,4,var3: такти 26-45
song_205_full,SPLIT_OK,4,var4: такти 46-63
song_206_full,SPLIT_OK,4,var1: такти 1-8
song_206_full,SPLIT_OK,4,var2: такти 9-32
song_206_full,SPLIT_OK,4,var3: такти 33-56
song_206_full,SPLIT_OK,4,var4: такти 57-80
song_207_full,SPLIT_OK,4,var1: такти 1-8
song_207_full,SPLIT_OK,4,var2: такти 9-32
song_207_full,SPLIT_OK,4,var3: такти 33-56
song_207_full,SPLIT_OK,4,var4: такти 57-80
song_208_full,SPLIT_OK,4,var1: такти 1-8
song_208_full,SPLIT_OK,4,var2: такти 9-32
song_208_full,SPLIT_OK,4,var3: такти 33-56
song_208_full,SPLIT_OK,4,var4: такти 57-80
song_209_full,SPLIT_OK,4,var1: такти 1-8
song_209_full,SPLIT_OK,4,var2: такти 9-32
song_209_full,SPLIT_OK,4,var3: такти 33-56
song_209_full,SPLIT_OK,4,var4: такти 57-80
song_210_full,SPLIT_OK,3,var1: такти 1-19
song_210_full,SPLIT_OK,3,var2: такти 20-38
song_210_full,SPLIT_OK,3,var3: такти 39-62
song_211_full,SPLIT_OK,3,var1: такти 1-19
song_211_full,SPLIT_OK,3,var2: такти 20-38
song_211_full,SPLIT_OK,3,var3: такти 39-62
song_212_full,SPLIT_OK,3,var1: такти 1-19
song_212_full,SPLIT_OK,3,var2: такти 20-38
song_212_full,SPLIT_OK,3,var3: такти 39-62
song_213_full,SPLIT_OK,3,var1: такти 1-19
song_213_full,SPLIT_OK,3,var2: такти 20-38
song_213_full,SPLIT_OK,3,var3: такти 39-62
song_214_full,SPLIT_OK,3,var1: такти 1-19
song_214_full,SPLIT_OK,3,var2: такти 20-38
song_214_full,SPLIT_OK,3,var3: такти 39-62
song_215_full,SPLIT_OK,3,var1: такти 1-5
song_215_full,SPLIT_OK,3,var2: такти 6-29
song_215_full,SPLIT_OK,3,var3: такти 30-41
song_216_full,SPLIT_OK,3,var1: такти 1-5
song_216_full,SPLIT_OK,3,var2: такти 6-29
song_216_full,SPLIT_OK,3,var3: такти 30-41
song_217_full,SPLIT_OK,3,var1: такти 1-5
song_217_full,SPLIT_OK,3,var2: такти 6-29
song_217_full,SPLIT_OK,3,var3: такти 30-41
song_218_full,SPLIT_OK,3,var1: такти 1-5
song_218_full,SPLIT_OK,3,var2: такти 6-29
song_218_full,SPLIT_OK,3,var3: такти 30-41
song_219_full,SPLIT_OK,2,var1: такти 1-26
song_219_full,SPLIT_OK,2,var2: такти 27-40
song_220_full,SPLIT_OK,2,var1: такти 1-26
song_220_full,SPLIT_OK,2,var2: такти 27-40
song_221_full,SPLIT_OK,2,var1: такти 1-26
song_221_full,SPLIT_OK,2,var2: такти 27-40
song_222_full,SPLIT_OK,2,var1: такти 1-26
song_222_full,SPLIT_OK,2,var2: такти 27-40
